{
  "cnn_baseline_mnist": {
    "runtime": 5.7,
    "accuracy": 0.9921,
    "avg_train_loss": 0.00016508867364207808,
    "avg_val_loss": 0.03906934117825401,
    "val_acc": 0.991,
    "std_val_acc": 0.005165966113163434,
    "avg_test_loss": 0.03409437792947558,
    "batch_size": 128,
    "optimizer": "sgd",
    "lr": 0.01
  },
  "cnn_baseline_cifar10": {
    "runtime": 12.05,
    "accuracy": 0.7871,
    "avg_train_loss": 0.47372201351863347,
    "avg_val_loss": 0.6827706269919872,
    "val_acc": 0.7784,
    "std_val_acc": 0.08025566637978104,
    "avg_test_loss": 0.6318892644176001,
    "batch_size": 128,
    "optimizer": "sgd",
    "lr": 0.01
  }
}