{
  "cnn_enhanced_mnist": {
    "runtime": 10.54,
    "accuracy": 0.9941,
    "avg_train_loss": 0.009419983693598104,
    "avg_val_loss": 0.03828562757482336,
    "val_acc": 0.9924,
    "std_val_acc": 0.0027811603587668964,
    "avg_test_loss": 0.01883666533118069,
    "batch_size": 64,
    "optimizer": "sgd",
    "dropout_rate": 0.25,
    "lr": 0.01
  },
  "cnn_enhanced_cifar10": {
    "runtime": 29.86,
    "accuracy": 0.7527,
    "avg_train_loss": 0.7483542024936822,
    "avg_val_loss": 0.7048444397747516,
    "val_acc": 0.7662,
    "std_val_acc": 0.06155754431049425,
    "avg_test_loss": 0.7204827707779559,
    "batch_size": 128,
    "optimizer": "adam",
    "dropout_rate": 0.25,
    "lr": 0.01
  }
}