{
  "cnn_deep_mnist": {
    "runtime": 13.38,
    "accuracy": 0.9956,
    "avg_train_loss": 0.013146722550205549,
    "avg_val_loss": 0.03748623393417065,
    "val_acc": 0.9936,
    "std_val_acc": 0.004134736261969299,
    "avg_test_loss": 0.0165131248180931,
    "batch_size": 128,
    "optimizer": "sgd",
    "dropout_rate": 0.25,
    "lr": 0.01
  },
  "cnn_deep_cifar10": {
    "runtime": 31.68,
    "accuracy": 0.8153,
    "avg_train_loss": 0.6116025921938669,
    "avg_val_loss": 0.5532835107060927,
    "val_acc": 0.8202,
    "std_val_acc": 0.07870546167179059,
    "avg_test_loss": 0.5352939786035803,
    "batch_size": 64,
    "optimizer": "adam",
    "dropout_rate": 0.25,
    "lr": 0.01
  }
}