{
  "shallow_mnist": {
    "runtime": 22.47,
    "accuracy": 0.9792,
    "avg_train_loss": 0.05265369256144203,
    "avg_val_loss": 0.08465268953019588,
    "val_acc": 0.9754,
    "std_val_acc": 0.01479416712601223,
    "avg_test_loss": 0.069447335777539,
    "batch_size": 128,
    "optimizer": "sgd",
    "lr": 0.01,
    "dropout_rate": 0.2
  },
  "shallow_cifar10": {
    "runtime": 21.87,
    "accuracy": 0.5178,
    "avg_train_loss": 1.369924643460442,
    "avg_val_loss": 1.441898775100708,
    "val_acc": 0.539,
    "std_val_acc": 0.029086472064223556,
    "avg_test_loss": 1.3830377949944026,
    "batch_size": 128,
    "optimizer": "adam",
    "lr": 0.001,
    "dropout_rate": 0.5
  },
  "medium_mnist": {
    "runtime": 23.24,
    "accuracy": 0.9843,
    "avg_train_loss": 0.022230082219249995,
    "avg_val_loss": 0.09547938246025621,
    "val_acc": 0.9802,
    "std_val_acc": 0.013435972591410132,
    "avg_test_loss": 0.06105994459705724,
    "batch_size": 64,
    "optimizer": "sgd",
    "lr": 0.01,
    "dropout_rate": 0.2
  },
  "medium_cifar10": {
    "runtime": 22.3,
    "accuracy": 0.5628,
    "avg_train_loss": 0.7461319389703024,
    "avg_val_loss": 1.5067057602013214,
    "val_acc": 0.551,
    "std_val_acc": 0.03505473375985559,
    "avg_test_loss": 1.3783830389191833,
    "batch_size": 64,
    "optimizer": "sgd",
    "lr": 0.01,
    "dropout_rate": 0.2
  },
  "deep_mnist": {
    "runtime": 18.66,
    "accuracy": 0.9784,
    "avg_train_loss": 0.10183385123750929,
    "avg_val_loss": 0.08444604351254521,
    "val_acc": 0.9818,
    "std_val_acc": 0.06125385976384166,
    "avg_test_loss": 0.0862206743907716,
    "batch_size": 128,
    "optimizer": "adam",
    "lr": 0.0001,
    "dropout_rate": 0.5
  },
  "deep_cifar10": {
    "runtime": 19.52,
    "accuracy": 0.5792,
    "avg_train_loss": 0.6179845932575748,
    "avg_val_loss": 1.5859551520287236,
    "val_acc": 0.5572,
    "std_val_acc": 0.044688308900437845,
    "avg_test_loss": 1.422021093247812,
    "batch_size": 64,
    "optimizer": "adam",
    "lr": 0.0001,
    "dropout_rate": 0.2
  }
}